id;name;date_start;date_end;registration_end_date
1;Panama;2021-08-12T03:48:28;2021-08-11T12:58:07;2021-08-11T07:54:14
2;generate envisioneer;2021-08-12T02:57:18;2021-08-11T07:21:41;2021-08-11T07:09:35
3;Direct parse auxiliary;2021-08-11T14:26:10;2021-08-11T09:25:41;2021-08-12T00:24:48
4;Investment;2021-08-11T20:21:44;2021-08-11T10:34:07;2021-08-11T19:21:40
5;Branding;2021-08-11T12:46:19;2021-08-11T22:18:48;2021-08-11T14:07:03
6;monitor Baby ivory;2021-08-11T21:54:09;2021-08-11T18:52:20;2021-08-11T16:38:04
7;Connecticut Buckinghamshire;2021-08-11T10:55:09;2021-08-11T19:43:23;2021-08-11T20:55:32
8;Extension;2021-08-11T08:56:15;2021-08-11T22:57:34;2021-08-12T01:12:36
9;Idaho;2021-08-12T04:02:26;2021-08-11T22:19:08;2021-08-11T13:10:23
10;Wooden approach;2021-08-11T21:17:16;2021-08-11T14:32:33;2021-08-11T17:31:21
